{
  "height": 300.29268292682929,
  "tabOrder": 2000,
  "width": 382.82926829268297,
  "x": 622.53658536585374,
  "y": 50.048780487804883,
  "z": 2000
}