{
  "height": 70.8529945553539,
  "tabOrder": 4000,
  "width": 299.67332123411978,
  "x": 88.275862068965509,
  "y": 346.13430127041744,
  "z": 4000
}