{
  "height": 257.85843920145192,
  "width": 679.491833030853,
  "x": 78.983666061705989,
  "y": 435.57168784029039,
  "z": 0
}