{
  "height": 263.66606170598908,
  "tabOrder": 1000,
  "width": 226.497277676951,
  "x": 1024.464609800363,
  "y": 60.399274047186928,
  "z": 1000
}