{
  "height": 118.47549909255898,
  "tabOrder": 6000,
  "width": 299.67332123411978,
  "x": 88.275862068965509,
  "y": 185.84392014519057,
  "z": 6000
}