{
  "height": 257.85843920145192,
  "tabOrder": 3000,
  "width": 288.05807622504534,
  "x": 850.23593466424677,
  "y": 435.57168784029039,
  "z": 3000
}