{
  "height": 118.47549909255898,
  "tabOrder": 5000,
  "width": 299.67332123411978,
  "x": 88.275862068965509,
  "y": 49.945553539019961,
  "z": 5000
}