{
  "height": 149.26829268292684,
  "tabOrder": 7000,
  "width": 174.73170731707319,
  "x": 418.82926829268297,
  "y": 50.926829268292686,
  "z": 7000
}